Name of movie,Year of relase,Watchtime,Movie Rating,Metascore,Votes,Gross collection,Description,Director,Star
The Shawshank Redemption,1994,142,9.3,82,"2,778,886",$28.34M,"Over the course of several years, two convicts form a friendship, seeking consolation and, eventually, redemption through basic compassion.",Frank Darabont,"['Tim Robbins', 'Morgan Freeman', 'Bob Gunton', 'William Sadler']"
The Godfather,1972,175,9.2,100,"1,934,725",$134.97M,"Don Vito Corleone, head of a mafia family, decides to hand over his empire to his youngest son Michael. However, his decision unintentionally puts the lives of his loved ones in grave danger.",Francis Ford Coppola,"['Marlon Brando', 'Al Pacino', 'James Caan', 'Diane Keaton']"
The Dark Knight,2008,152,9.0,84,"2,756,129",$534.86M,"When the menace known as the Joker wreaks havoc and chaos on the people of Gotham, Batman must accept one of the greatest psychological and physical tests of his ability to fight injustice.",Christopher Nolan,"['Christian Bale', 'Heath Ledger', 'Aaron Eckhart', 'Michael Caine']"
Schindler's List,1993,195,9.0,95,"1,398,555",$96.90M,"In German-occupied Poland during World War II, industrialist Oskar Schindler gradually becomes concerned for his Jewish workforce after witnessing their persecution by the Nazis.",Steven Spielberg,"['Liam Neeson', 'Ralph Fiennes', 'Ben Kingsley', 'Caroline Goodall']"
12 Angry Men,1957,96,9.0,97,"824,775",$4.36M,The jury in a New York City murder trial is frustrated by a single member whose skeptical caution forces them to more carefully consider the evidence before jumping to a hasty verdict.,Sidney Lumet,"['Henry Fonda', 'Lee J. Cobb', 'Martin Balsam', 'John Fiedler']"
The Lord of the Rings: The Return of the King,2003,201,9.0,94,"1,905,047",$377.85M,Gandalf and Aragorn lead the World of Men against Sauron's army to draw his gaze from Frodo and Sam as they approach Mount Doom with the One Ring.,Peter Jackson,"['Elijah Wood', 'Viggo Mortensen', 'Ian McKellen', 'Orlando Bloom']"
The Godfather Part II,1974,202,9.0,90,"1,315,246",$57.30M,"The early life and career of Vito Corleone in 1920s New York City is portrayed, while his son, Michael, expands and tightens his grip on the family crime syndicate.",Francis Ford Coppola,"['Al Pacino', 'Robert De Niro', 'Robert Duvall', 'Diane Keaton']"
Spider-Man: Across the Spider-Verse,2023,140,8.9,86,"199,634",#15,"Miles Morales catapults across the Multiverse, where he encounters a team of Spider-People charged with protecting its very existence. When the heroes clash on how to handle a new threat, Miles must redefine what it means to be a hero.","Directors:Joaquim Dos Santos, Kemp Powers, Justin K. Thompson","['Shameik Moore', 'Hailee Steinfeld', 'Brian Tyree Henry', 'Luna Lauren Velez']"
Pulp Fiction,1994,154,8.9,95,"2,132,332",$107.93M,"The lives of two mob hitmen, a boxer, a gangster and his wife, and a pair of diner bandits intertwine in four tales of violence and redemption.",Quentin Tarantino,"['John Travolta', 'Uma Thurman', 'Samuel L. Jackson', 'Bruce Willis']"
Inception,2010,148,8.8,74,"2,446,745",$292.58M,"A thief who steals corporate secrets through the use of dream-sharing technology is given the inverse task of planting an idea into the mind of a C.E.O., but his tragic past may doom the project and his team to disaster.",Christopher Nolan,"['Leonardo DiCaprio', 'Joseph Gordon-Levitt', 'Elliot Page', 'Ken Watanabe']"
Fight Club,1999,139,8.8,67,"2,214,452",$37.03M,An insomniac office worker and a devil-may-care soap maker form an underground fight club that evolves into much more.,David Fincher,"['Brad Pitt', 'Edward Norton', 'Meat Loaf', 'Zach Grenier']"
The Lord of the Rings: The Fellowship of the Ring,2001,178,8.8,92,"1,933,262",$315.54M,A meek Hobbit from the Shire and eight companions set out on a journey to destroy the powerful One Ring and save Middle-earth from the Dark Lord Sauron.,Peter Jackson,"['Elijah Wood', 'Ian McKellen', 'Orlando Bloom', 'Sean Bean']"
Forrest Gump,1994,142,8.8,82,"2,161,321",$330.25M,"The history of the United States from the 1950s to the '70s unfolds from the perspective of an Alabama man with an IQ of 75, who yearns to be reunited with his childhood sweetheart.",Robert Zemeckis,"['Tom Hanks', 'Robin Wright', 'Gary Sinise', 'Sally Field']"
"The Good, the Bad and the Ugly",1966,178,8.8,90,"784,606",$6.10M,A bounty hunting scam joins two men in an uneasy alliance against a third in a race to find a fortune in gold buried in a remote cemetery.,Sergio Leone,"['Clint Eastwood', 'Eli Wallach', 'Lee Van Cleef', 'Aldo Giuffrè']"
The Lord of the Rings: The Two Towers,2002,179,8.8,87,"1,719,101",$342.55M,"While Frodo and Sam edge closer to Mordor with the help of the shifty Gollum, the divided fellowship makes a stand against Sauron's new ally, Saruman, and his hordes of Isengard.",Peter Jackson,"['Elijah Wood', 'Ian McKellen', 'Viggo Mortensen', 'Orlando Bloom']"
Jai Bhim,2021,164,8.8,0,"208,814",#219,"When a tribal man is arrested for a case of alleged theft, his wife turns to a human-rights lawyer to help bring justice.",T.J. Gnanavel,"['Suriya', 'Lijo Mol Jose', 'Manikandan K.', 'Rajisha Vijayan']"
777 Charlie,2022,164,8.8,0,"35,903",0,Dharma is stuck in a rut with his negative and lonely lifestyle and spends each day in the comfort of his loneliness. A pup named Charlie enters his life and gives him a new perspective towards it.,Kiranraj K,"['Rakshit Shetty', 'Charlie', 'Sangeetha Sringeri', 'Raj B. Shetty']"
Oppenheimer,2023,180,8.7,88,"289,180",#29,"The story of American scientist, J. Robert Oppenheimer, and his role in the development of the atomic bomb.",Christopher Nolan,"['Cillian Murphy', 'Emily Blunt', 'Matt Damon', 'Robert Downey Jr.']"
Interstellar,2014,169,8.7,74,"1,958,784",$188.02M,"When Earth becomes uninhabitable in the future, a farmer and ex-NASA pilot, Joseph Cooper, is tasked to pilot a spacecraft, along with a team of researchers, to find a new planet for humans.",Christopher Nolan,"['Matthew McConaughey', 'Anne Hathaway', 'Jessica Chastain', 'Mackenzie Foy']"
Goodfellas,1990,145,8.7,92,"1,205,770",$46.84M,"The story of Henry Hill and his life in the mafia, covering his relationship with his wife Karen and his mob partners Jimmy Conway and Tommy DeVito.",Martin Scorsese,"['Robert De Niro', 'Ray Liotta', 'Joe Pesci', 'Lorraine Bracco']"
One Flew Over the Cuckoo's Nest,1975,133,8.7,84,"1,037,634",$112.00M,"In the Fall of 1963, a Korean War veteran and criminal pleads insanity and is admitted to a mental institution, where he rallies up the scared patients against the tyrannical nurse.",Milos Forman,"['Jack Nicholson', 'Louise Fletcher', 'Michael Berryman', 'Peter Brocco']"
The Matrix,1999,136,8.7,73,"1,977,533",$171.48M,"When a beautiful stranger leads computer hacker Neo to a forbidding underworld, he discovers the shocking truth--the life he knows is the elaborate deception of an evil cyber-intelligence.","Directors:Lana Wachowski, Lilly Wachowski","['Keanu Reeves', 'Laurence Fishburne', 'Carrie-Anne Moss', 'Hugo Weaving']"
Star Wars: Episode V - The Empire Strikes Back,1980,124,8.7,82,"1,333,903",$290.48M,"After the Rebels are overpowered by the Empire, Luke Skywalker begins his Jedi training with Yoda, while his friends are pursued across the galaxy by Darth Vader and bounty hunter Boba Fett.",Irvin Kershner,"['Mark Hamill', 'Harrison Ford', 'Carrie Fisher', 'Billy Dee Williams']"
Rocketry: The Nambi Effect,2022,157,8.7,0,"54,544",0,"Based on the life of Indian Space Research Organization scientist Nambi Narayanan, who was framed for being a spy and arrested in 1994. Though free, he continues to fight for justice against the officials who falsely implicated him.",Madhavan,"['Madhavan', 'Simran', 'Rajit Kapoor', 'Ravi Raghavendra']"
Soorarai Pottru,2020,153,8.7,0,"120,230",0,"Nedumaaran Rajangam ""Maara"" sets out to make the common man fly and in the process takes on the world's most capital intensive industry and several enemies who stand in his way.",Sudha Kongara,"['Suriya', 'Paresh Rawal', 'Aparna Balamurali', 'Urvashi']"
Se7en,1995,127,8.6,65,"1,719,408",$100.13M,"Two detectives, a rookie and a veteran, hunt a serial killer who uses the seven deadly sins as his motives.",David Fincher,"['Morgan Freeman', 'Brad Pitt', 'Kevin Spacey', 'Andrew Kevin Walker']"
Saving Private Ryan,1998,169,8.6,91,"1,439,435",$216.54M,"Following the Normandy Landings, a group of U.S. soldiers go behind enemy lines to retrieve a paratrooper whose brothers have been killed in action.",Steven Spielberg,"['Tom Hanks', 'Matt Damon', 'Tom Sizemore', 'Edward Burns']"
The Silence of the Lambs,1991,118,8.6,86,"1,482,666",$130.74M,"A young F.B.I. cadet must receive the help of an incarcerated and manipulative cannibal killer to help catch another serial killer, a madman who skins his victims.",Jonathan Demme,"['Jodie Foster', 'Anthony Hopkins', 'Lawrence A. Bonney', 'Kasi Lemmons']"
Terminator 2: Judgment Day,1991,137,8.6,75,"1,134,647",$204.84M,"A cyborg, identical to the one who failed to kill Sarah Connor, must now protect her ten year old son John from an even more advanced and powerful cyborg.",James Cameron,"['Arnold Schwarzenegger', 'Linda Hamilton', 'Edward Furlong', 'Robert Patrick']"
The Green Mile,1999,189,8.6,61,"1,350,720",$136.80M,"A tale set on death row in a Southern jail, where gentle giant John possesses the mysterious power to heal people's ailments. When the lead guard, Paul, recognizes John's gift, he tries to help stave off the condemned man's execution.",Frank Darabont,"['Tom Hanks', 'Michael Clarke Duncan', 'David Morse', 'Bonnie Hunt']"
Star Wars: Episode IV - A New Hope,1977,121,8.6,90,"1,405,925",$322.74M,"Luke Skywalker joins forces with a Jedi Knight, a cocky pilot, a Wookiee and two droids to save the galaxy from the Empire's world-destroying battle station, while also attempting to rescue Princess Leia from the mysterious Darth Vader.",George Lucas,"['Mark Hamill', 'Harrison Ford', 'Carrie Fisher', 'Alec Guinness']"
City of God,2002,130,8.6,79,"777,391",$7.56M,"In the slums of Rio, two kids' paths diverge as one struggles to become a photographer and the other a kingpin.","Directors:Fernando Meirelles, Kátia Lund","['Alexandre Rodrigues', 'Leandro Firmino', 'Matheus Nachtergaele', 'Phellipe Haagensen']"
Spirited Away,2001,125,8.6,96,"802,058",$10.06M,"During her family's move to the suburbs, a sullen 10-year-old girl wanders into a world ruled by gods, witches and spirits, a world where humans are changed into beasts.",Hayao Miyazaki,"['Daveigh Chase', 'Suzanne Pleshette', 'Miyu Irino', 'Rumi Hiiragi']"
Life Is Beautiful,1997,116,8.6,59,"717,852",$57.60M,"When an open-minded Jewish waiter and his son become victims of the Holocaust, he uses a perfect mixture of will, humor and imagination to protect his son from the dangers around their camp.",Roberto Benigni,"['Roberto Benigni', 'Nicoletta Braschi', 'Giorgio Cantarini', 'Giustino Durano']"
Seven Samurai,1954,207,8.6,98,"355,949",$0.27M,"Farmers from a village exploited by bandits hire a veteran samurai for protection, who gathers six other samurai to join him.",Akira Kurosawa,"['Toshirô Mifune', 'Takashi Shimura', 'Keiko Tsushima', 'Yukiko Shimazaki']"
It's a Wonderful Life,1946,130,8.6,89,"476,343",#21,An angel is sent from Heaven to help a desperately frustrated businessman by showing him what life would have been like if he had never existed.,Frank Capra,"['James Stewart', 'Donna Reed', 'Lionel Barrymore', 'Thomas Mitchell']"
Harakiri,1962,133,8.6,85,"62,672",#47,"When a ronin requesting seppuku at a feudal lord's palace is told of the brutal suicide of another ronin who previously visited, he reveals how their pasts are intertwined - and in doing so challenges the clan's integrity.",Masaki Kobayashi,"['Tatsuya Nakadai', 'Akira Ishihama', 'Shima Iwashita', 'Tetsurô Tanba']"
Sita Ramam,2022,163,8.6,0,"61,813",0,"An orphan soldier, Lieutenant Ram's life changes, after he gets a letter from a girl named Sita. He meets her and love blossoms between them. When he comes back to his camp in Kashmir,After he gets caught in jail, he sends a letter to Sita which won't reach her.",Hanu Raghavapudi,"['Dulquer Salmaan', 'Mrunal Thakur', 'Rashmika Mandanna', 'Sumanth']"
The Prestige,2006,130,8.5,66,"1,383,578",$53.09M,"After a tragic accident, two stage magicians in 1890s London engage in a battle to create the ultimate illusion while sacrificing everything they have to outwit each other.",Christopher Nolan,"['Christian Bale', 'Hugh Jackman', 'Scarlett Johansson', 'Michael Caine']"
Back to the Future,1985,116,8.5,87,"1,254,187",$210.61M,"Marty McFly, a 17-year-old high school student, is accidentally sent 30 years into the past in a time-traveling DeLorean invented by his close friend, the maverick scientist Doc Brown.",Robert Zemeckis,"['Michael J. Fox', 'Christopher Lloyd', 'Lea Thompson', 'Crispin Glover']"
Parasite,2019,132,8.5,96,"874,958",$53.37M,Greed and class discrimination threaten the newly formed symbiotic relationship between the wealthy Park family and the destitute Kim clan.,Bong Joon Ho,"['Song Kang-ho', 'Lee Sun-kyun', 'Cho Yeo-jeong', 'Choi Woo-sik']"
Gladiator,2000,155,8.5,67,"1,551,409",$187.71M,A former Roman General sets out to exact vengeance against the corrupt emperor who murdered his family and sent him into slavery.,Ridley Scott,"['Russell Crowe', 'Joaquin Phoenix', 'Connie Nielsen', 'Oliver Reed']"
The Departed,2006,151,8.5,85,"1,370,659",$132.38M,An undercover cop and a mole in the police attempt to identify each other while infiltrating an Irish gang in South Boston.,Martin Scorsese,"['Leonardo DiCaprio', 'Matt Damon', 'Jack Nicholson', 'Mark Wahlberg']"
Alien,1979,117,8.5,89,"912,749",$78.90M,The crew of a commercial spacecraft encounters a deadly lifeform after investigating an unknown transmission.,Ridley Scott,"['Sigourney Weaver', 'Tom Skerritt', 'John Hurt', 'Veronica Cartwright']"
Whiplash,2014,106,8.5,89,"921,477",$13.09M,A promising young drummer enrolls at a cut-throat music conservatory where his dreams of greatness are mentored by an instructor who will stop at nothing to realize a student's potential.,Damien Chazelle,"['Miles Teller', 'J.K. Simmons', 'Melissa Benoist', 'Paul Reiser']"
Léon: The Professional,1994,110,8.5,64,"1,201,405",$19.50M,"12-year-old Mathilda is reluctantly taken in by Léon, a professional assassin, after her family is murdered. An unusual relationship forms as she becomes his protégée and learns the assassin's trade.",Luc Besson,"['Jean Reno', 'Gary Oldman', 'Natalie Portman', 'Danny Aiello']"
The Pianist,2002,150,8.5,85,"868,710",$32.57M,A Polish Jewish musician struggles to survive the destruction of the Warsaw ghetto of World War II.,Roman Polanski,"['Adrien Brody', 'Thomas Kretschmann', 'Frank Finlay', 'Emilia Fox']"
The Usual Suspects,1995,106,8.5,77,"1,113,052",$23.34M,The sole survivor of a pier shoot-out tells the story of how a notorious criminal influenced the events that began with five criminals meeting in a seemingly random police lineup.,Bryan Singer,"['Kevin Spacey', 'Gabriel Byrne', 'Chazz Palminteri', 'Stephen Baldwin']"
The Lion King,1994,88,8.5,88,"1,097,842",$422.78M,"Lion prince Simba and his father are targeted by his bitter uncle, who wants to ascend the throne himself.","Directors:Roger Allers, Rob Minkoff","['Matthew Broderick', 'Jeremy Irons', 'James Earl Jones', 'Whoopi Goldberg']"
American History X,1998,119,8.5,62,"1,152,185",$6.72M,"Living a life marked by violence, neo-Nazi Derek finally goes to prison after killing two black youths. Upon his release, Derek vows to change; he hopes to prevent his brother, Danny, who idolizes Derek, from following in his footsteps.",Tony Kaye,"['Edward Norton', 'Edward Furlong', ""Beverly D'Angelo"", 'Jennifer Lien']"
Grave of the Fireflies,1988,89,8.5,94,"292,118",#46,A young boy and his little sister struggle to survive in Japan during World War II.,Isao Takahata,"['Tsutomu Tatsumi', 'Ayano Shiraishi', 'Akemi Yamaguchi', 'Yoshiko Shinohara']"
The Intouchables,2011,112,8.5,57,"891,271",$13.18M,"After he becomes a quadriplegic from a paragliding accident, an aristocrat hires a young man from the projects to be his caregiver.","Directors:Olivier Nakache, Éric Toledano","['François Cluzet', 'Omar Sy', 'Anne Le Ny', 'Audrey Fleurot']"
Psycho,1960,109,8.5,97,"694,166",$32.00M,"A Phoenix secretary embezzles $40,000 from her employer's client, goes on the run and checks into a remote motel run by a young man under the domination of his mother.",Alfred Hitchcock,"['Anthony Perkins', 'Janet Leigh', 'Vera Miles', 'John Gavin']"
Casablanca,1942,102,8.5,100,"588,735",$1.02M,A cynical expatriate American cafe owner struggles to decide whether or not to help his former lover and her fugitive husband escape the Nazis in French Morocco.,Michael Curtiz,"['Humphrey Bogart', 'Ingrid Bergman', 'Paul Henreid', 'Claude Rains']"
Once Upon a Time in the West,1968,165,8.5,82,"339,881",$5.32M,A mysterious stranger with a harmonica joins forces with a notorious desperado to protect a beautiful widow from a ruthless assassin working for the railroad.,Sergio Leone,"['Henry Fonda', 'Charles Bronson', 'Claudia Cardinale', 'Jason Robards']"
Rear Window,1954,112,8.5,100,"506,075",$36.76M,"A photographer in a wheelchair spies on his neighbors from his Greenwich Village courtyard apartment window, and becomes convinced one of them has committed murder, despite the skepticism of his fashion-model girlfriend.",Alfred Hitchcock,"['James Stewart', 'Grace Kelly', 'Wendell Corey', 'Thelma Ritter']"
Cinema Paradiso,1988,155,8.5,80,"271,652",$11.99M,A filmmaker recalls his childhood when falling in love with the pictures at the cinema of his home village and forms a deep friendship with the cinema's projectionist.,Giuseppe Tornatore,"['Philippe Noiret', 'Enzo Cannavale', 'Antonella Attili', 'Isa Danieli']"
City Lights,1931,87,8.5,99,"190,243",$0.02M,"With the aid of a wealthy erratic tippler, a dewy-eyed tramp who has fallen in love with a sightless flower girl accumulates money to be able to help her medically.",Charles Chaplin,"['Charles Chaplin', 'Virginia Cherrill', 'Florence Lee', 'Harry Myers']"
Modern Times,1936,87,8.5,96,"250,862",$0.16M,The Tramp struggles to live in modern industrial society with the help of a young homeless woman.,Charles Chaplin,"['Charles Chaplin', 'Paulette Goddard', 'Henry Bergman', 'Tiny Sandford']"
96,II 2018,158,8.5,0,"33,668",0,Two high school sweethearts meet at a reunion after 22 years and reminisce about their past.,C. Prem Kumar,"['Vijay Sethupathi', 'Adithya Bhaskar', 'Trisha Krishnan', 'Gouri Kishan']"
Memento,2000,113,8.4,83,"1,277,918",$25.54M,A man with short-term memory loss attempts to track down his wife's murderer.,Christopher Nolan,"['Guy Pearce', 'Carrie-Anne Moss', 'Joe Pantoliano', 'Mark Boone Junior']"
The Dark Knight Rises,2012,164,8.4,78,"1,762,763",$448.14M,"Eight years after the Joker's reign of chaos, Batman is coerced out of exile with the assistance of the mysterious Selina Kyle in order to defend Gotham City from the vicious guerrilla terrorist Bane.",Christopher Nolan,"['Christian Bale', 'Tom Hardy', 'Anne Hathaway', 'Gary Oldman']"
Spider-Man: Into the Spider-Verse,2018,117,8.4,87,"616,267",$190.24M,Teen Miles Morales becomes the Spider-Man of his universe and must join with five spider-powered individuals from other dimensions to stop a threat for all realities.,"Directors:Bob Persichetti, Peter Ramsey, Rodney Rothman","['Shameik Moore', 'Jake Johnson', 'Hailee Steinfeld', 'Mahershala Ali']"
Indiana Jones and the Raiders of the Lost Ark,1981,115,8.4,85,"1,007,196",$248.16M,"In 1936, archaeologist and adventurer Indiana Jones is hired by the U.S. government to find the Ark of the Covenant before the Nazis can obtain its awesome powers.",Steven Spielberg,"['Harrison Ford', 'Karen Allen', 'Paul Freeman', 'John Rhys-Davies']"
Django Unchained,2012,165,8.4,81,"1,621,019",$162.81M,"With the help of a German bounty-hunter, a freed slave sets out to rescue his wife from a brutal plantation owner in Mississippi.",Quentin Tarantino,"['Jamie Foxx', 'Christoph Waltz', 'Leonardo DiCaprio', 'Kerry Washington']"
Joker,I 2019,122,8.4,59,"1,382,488",$335.45M,"The rise of Arthur Fleck, from aspiring stand-up comedian and pariah to Gotham's clown prince and leader of the revolution.",Todd Phillips,"['Joaquin Phoenix', 'Robert De Niro', 'Zazie Beetz', 'Frances Conroy']"
Avengers: Endgame,2019,181,8.4,78,"1,201,879",$858.37M,"After the devastating events of Avengers: Infinity War (2018), the universe is in ruins. With the help of remaining allies, the Avengers assemble once more in order to reverse Thanos' actions and restore balance to the universe.","Directors:Anthony Russo, Joe Russo","['Robert Downey Jr.', 'Chris Evans', 'Mark Ruffalo', 'Chris Hemsworth']"
The Shining,1980,146,8.4,66,"1,061,199",$44.02M,"A family heads to an isolated hotel for the winter where a sinister presence influences the father into violence, while his psychic son sees horrific forebodings from both past and future.",Stanley Kubrick,"['Jack Nicholson', 'Shelley Duvall', 'Danny Lloyd', 'Scatman Crothers']"
Aliens,1986,137,8.4,84,"739,008",$85.16M,"Decades after surviving the Nostromo incident, Ellen Ripley is sent out to re-establish contact with a terraforming colony but finds herself battling the Alien Queen and her offspring.",James Cameron,"['Sigourney Weaver', 'Michael Biehn', 'Carrie Henn', 'Paul Reiser']"
Oldboy,2003,120,8.4,77,"603,957",$0.71M,"After being kidnapped and imprisoned for fifteen years, Oh Dae-Su is released, only to find that he must find his captor in five days.",Park Chan-wook,"['Choi Min-sik', 'Yoo Ji-tae', 'Kang Hye-jeong', 'Kim Byeong-Ok']"
Avengers: Infinity War,2018,149,8.4,68,"1,143,694",$678.82M,The Avengers and their allies must be willing to sacrifice all in an attempt to defeat the powerful Thanos before his blitz of devastation and ruin puts an end to the universe.,"Directors:Anthony Russo, Joe Russo","['Robert Downey Jr.', 'Chris Hemsworth', 'Mark Ruffalo', 'Chris Evans']"
Apocalypse Now,1979,147,8.4,94,"687,980",$83.47M,A U.S. Army officer serving in Vietnam is tasked with assassinating a renegade Special Forces Colonel who sees himself as a god.,Francis Ford Coppola,"['Martin Sheen', 'Marlon Brando', 'Robert Duvall', 'Frederic Forrest']"
Amadeus,1984,160,8.4,87,"413,788",$51.97M,"The life, success and troubles of Wolfgang Amadeus Mozart, as told by Antonio Salieri, the contemporaneous composer who was deeply jealous of Mozart's talent and claimed to have murdered him.",Milos Forman,"['F. Murray Abraham', 'Tom Hulce', 'Elizabeth Berridge', 'Roy Dotrice']"
Come and See,1985,142,8.4,0,"88,406",#91,"After finding an old rifle, a young boy joins the Soviet resistance movement against ruthless German forces and experiences the horrors of World War II.",Elem Klimov,"['Aleksey Kravchenko', 'Olga Mironova', 'Liubomiras Laucevicius', 'Vladas Bagdonas']"
Dr. Strangelove or: How I Learned to Stop Worrying and Love the Bomb,1964,95,8.4,97,"504,125",$0.28M,"An insane American general orders a bombing attack on the Soviet Union, triggering a path to nuclear holocaust that a war room full of politicians and generals frantically tries to stop.",Stanley Kubrick,"['Peter Sellers', 'George C. Scott', 'Sterling Hayden', 'Keenan Wynn']"
The Lives of Others,2006,137,8.4,89,"399,422",$11.29M,"In 1984 East Berlin, an agent of the secret police, conducting surveillance on a writer and his lover, finds himself becoming increasingly absorbed by their lives.",Florian Henckel von Donnersmarck,"['Ulrich Mühe', 'Martina Gedeck', 'Sebastian Koch', 'Ulrich Tukur']"
Your Name.,2016,106,8.4,81,"294,268",$5.02M,"Two teenagers share a profound, magical connection upon discovering they are swapping bodies. Things manage to become even more complicated when the boy and girl decide to meet in person.",Makoto Shinkai,"['Ryunosuke Kamiki', 'Mone Kamishiraishi', 'Ryo Narita', 'Aoi Yûki']"
Coco,I 2017,105,8.4,81,"546,923",$209.73M,"Aspiring musician Miguel, confronted with his family's ancestral ban on music, enters the Land of the Dead to find his great-great-grandfather, a legendary singer.","Directors:Lee Unkrich, Adrian Molina","['Anthony Gonzalez', 'Gael García Bernal', 'Benjamin Bratt', 'Alanna Ubach']"
WALL·E,2008,98,8.4,95,"1,156,242",$223.81M,"In the distant future, a small waste-collecting robot inadvertently embarks on a space journey that will ultimately decide the fate of mankind.",Andrew Stanton,"['Ben Burtt', 'Elissa Knight', 'Jeff Garlin', 'Fred Willard']"
Capernaum,2018,126,8.4,75,"97,463",$1.66M,"While serving a five-year sentence for a violent crime, a 12-year-old boy sues his parents for neglect.",Nadine Labaki,"['Zain Al Rafeea', 'Yordanos Shiferaw', 'Boluwatife Treasure Bankole', 'Kawsar Al Haddad']"
3 Idiots,2009,170,8.4,67,"415,207",$6.53M,"Two friends are searching for their long lost companion. They revisit their college days and recall the memories of their friend who inspired them to think differently, even as the rest of the world called them ""idiots"".",Rajkumar Hirani,"['Aamir Khan', 'Madhavan', 'Mona Singh', 'Sharman Joshi']"
Das Boot,1981,149,8.4,86,"257,569",$11.49M,A German U-boat stalks the frigid waters of the North Atlantic as its young crew experience the sheer terror and claustrophobic life of a submariner in World War II.,Wolfgang Petersen,"['Jürgen Prochnow', 'Herbert Grönemeyer', 'Klaus Wennemann', 'Hubertus Bengsch']"
Paths of Glory,1957,88,8.4,90,"204,487",#62,"After refusing to attack an enemy position, a general accuses the soldiers of cowardice and their commanding officer must defend them.",Stanley Kubrick,"['Kirk Douglas', 'Ralph Meeker', 'Adolphe Menjou', 'George Macready']"
Sunset Blvd.,1950,110,8.4,94,"229,086",#61,A screenwriter develops a dangerous relationship with a faded film star determined to make a triumphant return.,Billy Wilder,"['William Holden', 'Gloria Swanson', 'Erich von Stroheim', 'Nancy Olson']"
Witness for the Prosecution,1957,116,8.4,76,"131,289",$8.18M,A veteran British barrister must defend his client in a murder trial that has surprise after surprise.,Billy Wilder,"['Tyrone Power', 'Marlene Dietrich', 'Charles Laughton', 'Elsa Lanchester']"
The Great Dictator,1940,125,8.4,0,"230,675",$0.29M,Dictator Adenoid Hynkel tries to expand his empire while a poor Jewish barber tries to avoid persecution from Hynkel's regime.,Charles Chaplin,"['Charles Chaplin', 'Paulette Goddard', 'Jack Oakie', 'Reginald Gardiner']"
High and Low,1963,143,8.4,90,"48,948",#87,An executive of a Yokohama shoe company becomes a victim of extortion when his chauffeur's son is kidnapped by mistake and held for ransom.,Akira Kurosawa,"['Toshirô Mifune', 'Yutaka Sada', 'Tatsuya Nakadai', 'Kyôko Kagawa']"
Kaithi,2019,145,8.4,0,"36,976",0,"Dilli, an ex-convict, endeavours to meet his daughter for the first time after leaving prison. However, his attempts are interrupted due to a drug raid planned by Inspector Bejoy.",Lokesh Kanagaraj,"['Karthi', 'Narain', 'Arjun Das', 'George Maryan']"
Sardar Udham,2021,164,8.4,0,"44,726",0,"A biopic detailing the 2 decades that Punjabi Sikh revolutionary, Udham Singh, spent planning the assassination of the man responsible for the Jallianwala Bagh massacre.",Shoojit Sircar,"['Vicky Kaushal', 'Shaun Scott', 'Stephen Hogan', 'Amol Parashar']"
Asuran,2019,141,8.4,0,"31,641",0,"The teenage son of a farmer from an underprivileged caste kills a rich, upper caste landlord. How the pacifist farmer saves his hot-blooded son is the rest of the story.",Vetrimaaran,"['Dhanush', 'Manju Warrier', 'Prakash Raj', 'Pasupathy']"
Drishyam 2,2021,152,8.4,0,"39,399",0,A gripping tale of an investigation and a family which is threatened by it. Will Georgekutty be able to protect his family this time?,Jeethu Joseph,"['Mohanlal', 'Meena', 'Ansiba', 'Esther Anil']"
Top Gun: Maverick,2022,130,8.3,78,"617,965",$718.73M,"After thirty years, Maverick is still pushing the envelope as a top naval aviator, but must confront ghosts of his past when he leads TOP GUN's elite graduates on a mission that demands the ultimate sacrifice from those chosen to fly it.",Joseph Kosinski,"['Tom Cruise', 'Jennifer Connelly', 'Miles Teller', 'Val Kilmer']"
Braveheart,1995,178,8.3,68,"1,063,273",$75.60M,Scottish warrior William Wallace leads his countrymen in a rebellion to free his homeland from the tyranny of King Edward I of England.,Mel Gibson,"['Mel Gibson', 'Sophie Marceau', 'Patrick McGoohan', 'Angus Macfadyen']"
Inglourious Basterds,2009,153,8.3,69,"1,511,517",$120.54M,"In Nazi-occupied France during World War II, a plan to assassinate Nazi leaders by a group of Jewish U.S. soldiers coincides with a theatre owner's vengeful plans for the same.",Quentin Tarantino,"['Brad Pitt', 'Diane Kruger', 'Eli Roth', 'Mélanie Laurent']"
Heat,1995,170,8.3,76,"686,170",$67.44M,A group of high-end professional thieves start to feel the heat from the LAPD when they unknowingly leave a clue at their latest heist.,Michael Mann,"['Al Pacino', 'Robert De Niro', 'Val Kilmer', 'Jon Voight']"
American Beauty,1999,122,8.3,84,"1,180,900",$130.10M,A sexually frustrated suburban father has a mid-life crisis after becoming infatuated with his daughter's best friend.,Sam Mendes,"['Kevin Spacey', 'Annette Bening', 'Thora Birch', 'Wes Bentley']"
Requiem for a Dream,2000,102,8.3,71,"869,395",$3.64M,The drug-induced utopias of four Coney Island people are shattered when their addictions run deep.,Darren Aronofsky,"['Ellen Burstyn', 'Jared Leto', 'Jennifer Connelly', 'Marlon Wayans']"
Good Will Hunting,1997,126,8.3,70,"1,015,382",$138.43M,"Will Hunting, a janitor at M.I.T., has a gift for mathematics, but needs help from a psychologist to find direction in his life.",Gus Van Sant,"['Robin Williams', 'Matt Damon', 'Ben Affleck', 'Stellan Skarsgård']"
2001: A Space Odyssey,1968,149,8.3,84,"692,760",$56.95M,"After uncovering a mysterious artifact buried beneath the Lunar surface, a spacecraft is sent to Jupiter to find its origins: a spacecraft manned by two men and the supercomputer HAL 9000.",Stanley Kubrick,"['Keir Dullea', 'Gary Lockwood', 'William Sylvester', 'Daniel Richter']"
To Kill a Mockingbird,1962,129,8.3,88,"324,648",#113,"Atticus Finch, a widowed lawyer in Depression-era Alabama, defends a Black man against an undeserved rape charge, and tries to educate his young children against prejudice.",Robert Mulligan,"['Gregory Peck', 'John Megna', 'Frank Overton', 'Rosemary Murphy']"
